epoch,train_loss,lr,val_loss,val_macro_f1,val_top1,train_seconds
1,0.7960380562013243,0.000975609756097561,0.3621992167746193,0.8598675761809311,0.8851756640959726,48.669898892001584
2,0.3172356479051637,0.0009809548494324805,0.36829996344805516,0.874944242174311,0.8791773778920309,48.30874844600112
3,0.1979002592994309,0.0009229645514468193,0.1980992291389755,0.920111306785921,0.9383033419023136,47.93180927600042
4,0.17305968091936735,0.0008307081809699809,0.3151737994353998,0.8966934621132546,0.8997429305912596,48.034908810999696
5,0.12770725455044246,0.0007116598004682373,0.14992690323863975,0.9514123044719806,0.9608683233361897,47.85796428100002
6,0.10021259519839432,0.0005754640017218596,0.14758219307097528,0.9434463880951971,0.9542987717794916,47.82897537499957
7,0.09157257460103166,0.00043315455835767574,0.12178535086747341,0.960018977878854,0.9688660382747787,47.761423511999965
8,0.07104486426929148,0.0002962605351302045,0.10864250386286484,0.9611705214897039,0.9700085689802913,47.824494161000985
9,0.05482858837377734,0.00017587227166123115,0.11590220417185737,0.9645034242427296,0.971151099685804,47.61421749800138
10,0.04152380547872404,8.17429090804408e-05,0.11449160849235546,0.967845831685591,0.9740074264495858,47.60536537400003
11,0.038287311338069965,2.1498248535254893e-05,0.09325121309804009,0.97156483981493,0.9780062839188803,47.473863044999234
12,0.03500047528253096,1.8954134252235912e-08,0.09355480760182697,0.9702362931040592,0.9771493858897458,47.474927092000144
